imagem,limiar_T,detectados,anotados,vp,fp,fn,erro_contagem
captura_2023-10-02_15-28-57_png.rf.8519d84e5507bfa5e6b94ccd864a5f0e.jpg,86.0,1,1,0,1,1,0
captura_2023-10-05_17-51-40_png.rf.96385a49ef1381bb26dac4b3d6882a05.jpg,87.0,1,1,0,1,1,0
captura_2023-09-28_16-08-32_png.rf.d5a9002fd37ae44ff0a4ee44b03518ac.jpg,78.0,0,1,0,0,1,-1
captura_2023-10-05_17-42-21_png.rf.a0ab88d921c6749d81b15ea380f99348.jpg,95.0,0,1,0,0,1,-1
captura_2023-10-11_16-28-49_png.rf.c980c79c77d962a437d732bf1e66bbd8.jpg,92.0,1,1,1,0,0,0
captura_2023-10-11_16-31-11_png.rf.b9259e2f1b8ff6603116245584ad4006.jpg,78.0,1,1,0,1,1,0
captura_2023-10-05_15-19-03_png.rf.33a976084d164ccdbe7e5c4b3067250f.jpg,82.0,0,1,0,0,1,-1
captura_2023-10-10_17-44-39_png.rf.3e7ffa211f43294a97812797bb8ff173.jpg,82.0,4,1,1,3,0,3
captura_2023-10-05_16-13-33_png.rf.116af4c9a21f1be791590509fa02635e.jpg,72.0,3,1,1,2,0,2
captura_2023-10-02_15-35-02_png.rf.19bec3c79fc70ee397f2e654536db1db.jpg,55.0,1,1,0,1,1,0
captura_2023-10-05_16-11-26_png.rf.4fd21d709662f9f573102f63c44f7cb4.jpg,73.0,0,1,0,0,1,-1
captura_2023-10-02_15-11-16_png.rf.54c31a4a918f10048fc349fd095a3772.jpg,91.0,0,1,0,0,1,-1
captura_2023-10-02_15-11-34_png.rf.841bc3ae75d916da3c3bd173ca9e8833.jpg,98.0,0,1,0,0,1,-1
captura_2023-10-02_16-06-29_png.rf.382568e154bfbdee1d08acab6500826f.jpg,51.0,3,1,0,3,1,2
captura_2023-10-10_18-14-25_png.rf.a49ce829cfe553dc2776d76faef08784.jpg,83.0,2,1,0,2,1,1
captura_2023-10-05_16-02-10_png.rf.869e0b5fa638185904ed93e4e381c166.jpg,54.0,2,1,0,2,1,1
captura_2023-10-05_15-32-53_png.rf.3c7d979107a6ada9a0ae874a73495782.jpg,74.0,2,1,1,1,0,1
captura_2023-10-05_17-44-44_png.rf.56b80233cd7186e0073151c3d406b5be.jpg,90.0,2,2,1,1,1,0
captura_2023-10-05_18-13-29_png.rf.614e46fea424462ad36979e844da90a5.jpg,70.0,2,1,0,2,1,1
captura_2023-10-02_15-10-26_png.rf.22ec4c746f0baea2bb79315c11e5cda4.jpg,99.0,1,1,0,1,1,0
captura_2023-10-10_18-02-50_png.rf.998dec830107e7621b664dcde03d0841.jpg,86.0,3,1,0,3,1,2
captura_2023-10-05_15-36-33_png.rf.9dc8ad208a1406b004eb196f27efa64c.jpg,84.0,1,1,0,1,1,0
captura_2023-10-11_16-44-09_png.rf.8f77cb80fce759e4cb682c546b83ab5e.jpg,76.0,1,1,0,1,1,0
captura_2023-10-02_15-19-29_png.rf.ebd282225128f59fe8c48fd45ff0ea77.jpg,81.0,2,1,1,1,0,1
captura_2023-10-02_15-29-31_png.rf.25237ed2f04ffa4adc9cef2e49972392.jpg,87.0,1,1,1,0,0,0
captura_2023-09-27_14-28-06_png.rf.f3f80e2fd77e980129da087a4b8ae2d0.jpg,71.0,0,1,0,0,1,-1
captura_2023-10-10_18-07-20_png.rf.f7f1845dda18e8ecf680f3b6d6cf569c.jpg,82.0,0,1,0,0,1,-1
captura_2023-10-09_12-59-06_png.rf.10013ea0d3703868a6e14364789859e6.jpg,90.0,2,1,0,2,1,1
captura_2023-09-28_16-08-29_png.rf.663a8dea7bb0d36a5e2abd381ac3c7b0.jpg,75.0,2,1,0,2,1,1
captura_2023-10-02_15-13-50_png.rf.4423809e4105a186cbedceb689ad6217.jpg,79.0,1,1,0,1,1,0
captura_2023-10-05_16-05-26_png.rf.9ad8c4b849f07780438cb6c2609fcab6.jpg,76.0,3,1,1,2,0,2
captura_2023-10-05_17-39-30_png.rf.d152857b3c4b52b036dffcea5d42f469.jpg,139.0,1,1,0,1,1,0
captura_2023-10-02_15-39-51_png.rf.1f23e7428713adb3e07e4393e886914d.jpg,33.0,0,1,0,0,1,-1
captura_2023-10-02_15-45-07_png.rf.3d5fce2a0a72d467baced0f54961c91a.jpg,53.0,1,1,0,1,1,0
captura_2023-10-02_15-12-35_png.rf.dee24f10bc3bcc75d851189191921ecb.jpg,99.0,0,1,0,0,1,-1
captura_2023-10-05_17-51-16_png.rf.be16c126df5cff649760d57052f1ae3a.jpg,88.0,1,2,0,1,2,-1
captura_2023-10-10_17-53-49_png.rf.879178c9dc75ce22525b4e28661f2c8b.jpg,74.0,2,1,0,2,1,1
captura_2023-10-02_15-16-56_png.rf.eecdb332407cec29df4fc5d6e37d176a.jpg,85.0,1,1,0,1,1,0
captura_2023-10-11_16-29-12_png.rf.ede6bdd94c04ad02e0dfb65e2dc191cf.jpg,85.0,0,1,0,0,1,-1
captura_2023-09-27_14-33-00_png.rf.ff51747227e3bab8d60db6c405ed9a4a.jpg,66.0,2,1,0,2,1,1
captura_2023-10-05_16-00-10_png.rf.69a4848f6ded20bbbbfed063d4fc06cb.jpg,58.0,0,1,0,0,1,-1
captura_2023-10-02_15-35-51_png.rf.9880652e828975bf3dd7c1803d72f5b3.jpg,57.0,2,1,1,1,0,1
captura_2023-10-02_16-03-22_png.rf.4bbfd1ed8159d4c01a0c956974cd64d9.jpg,42.0,1,1,0,1,1,0
captura_2023-10-05_17-48-24_png.rf.3f744201c0450d7ef0a88299f40083a5.jpg,86.0,3,1,0,3,1,2
captura_2023-10-05_16-04-56_png.rf.43f28b8d1c5a97cffc3a1723ac6420dd.jpg,70.0,1,1,1,0,0,0
captura_2023-10-02_15-19-23_png.rf.179e440e5cb4d48d75990cd9b76e3803.jpg,82.0,3,1,0,3,1,2
captura_2023-10-11_16-31-05_png.rf.44b871d760b47453f535e2038aaf83fa.jpg,78.0,0,1,0,0,1,-1
captura_2023-09-28_15-15-57_png.rf.c0fe77878e20f6a73826a6a5ab2ab019.jpg,81.0,0,1,0,0,1,-1
captura_2023-10-05_16-10-37_png.rf.9fc5cf8eb767924275a9adb25c3b29f2.jpg,67.0,1,1,0,1,1,0
captura_2023-10-02_15-28-39_png.rf.8cdc3e8ed4e52fcd6ae07b1fcf68085f.jpg,85.0,1,2,0,1,2,-1
captura_2023-10-02_15-39-28_png.rf.0359348d8551abedada7b96d4ff1ecdc.jpg,39.0,0,1,0,0,1,-1
captura_2023-09-28_16-06-59_png.rf.4bf7e6c43cc91416e42953dc59d07a1d.jpg,94.0,3,1,0,3,1,2
captura_2023-09-27_14-42-36_png.rf.5adcfefb81daaa439b97ac61b82c0ce5.jpg,66.0,1,1,0,1,1,0
captura_2023-10-10_18-11-54_png.rf.0fea0a0997d7cbf20483dadafeebf0e1.jpg,57.0,2,1,1,1,0,1
captura_2023-10-02_15-10-01_png.rf.e24ad022526dc8159dfcb984f1342288.jpg,78.0,2,1,0,2,1,1
captura_2023-10-02_15-19-02_png.rf.ec10326c1df796165aceb94ed3c5f316.jpg,87.0,5,1,0,5,1,4
captura_2023-10-02_16-02-25_png.rf.e9d67ef0e231587bed37085e4632fff4.jpg,47.0,0,1,0,0,1,-1
captura_2023-10-02_15-09-21_png.rf.baa009a1fcf12ef4ae2fbc284ba80984.jpg,94.0,1,1,0,1,1,0
captura_2023-10-05_15-56-47_png.rf.2dadb8a0da1e801c8a05a88df2f886ad.jpg,68.0,2,1,1,1,0,1
captura_2023-10-02_16-05-39_png.rf.e90a37200a164759e277b48c6004748b.jpg,55.0,0,1,0,0,1,-1
captura_2023-10-05_17-48-47_png.rf.561029edc1affc06cb682f5e9a19f36c.jpg,93.0,0,1,0,0,1,-1
captura_2023-10-10_18-07-45_png.rf.8fec4e99fe4cbd66a06680bdb8430a43.jpg,85.0,2,1,0,2,1,1
captura_2023-10-09_15-09-15_png.rf.ddb306d986e8ec3cf8465d92f59b110c.jpg,63.0,3,1,0,3,1,2
captura_2023-09-28_15-03-40_png.rf.099a5a4fbcb4e7ccdfdbe8ec3258caae.jpg,78.0,3,1,0,3,1,2
captura_2023-09-27_14-42-50_png.rf.7aa72e56d8f79b01da1697ecea8ddcbf.jpg,68.0,1,1,0,1,1,0
captura_2023-10-02_15-43-01_png.rf.a84754eed1acd6d101b329d1650f789c.jpg,48.0,0,1,0,0,1,-1
captura_2023-10-05_16-13-11_png.rf.f03d6dea5cca82e6b7c92b1f2979fd89.jpg,71.0,3,1,1,2,0,2
captura_2023-10-02_15-48-19_png.rf.5942660da807a4fd6039a9b032c33cd0.jpg,66.0,1,1,1,0,0,0
captura_2023-10-11_16-27-43_png.rf.b9d794f505dabf58d59f103ce4e49e60.jpg,75.0,3,1,0,3,1,2
captura_2023-10-02_15-34-47_png.rf.ff8904f763282853c33266c68184a956.jpg,59.0,6,1,0,6,1,5
captura_2023-10-05_15-37-36_png.rf.45de8236b145d3a6597e620693ab5cd8.jpg,72.0,1,1,0,1,1,0
captura_2023-09-27_14-42-39_png.rf.836e9f86676ea3081ddcb7b3d62cf033.jpg,69.0,1,2,0,1,2,-1
captura_2023-09-29_15-58-37_png.rf.5fe6db57324dad359823e52150408740.jpg,50.0,0,2,0,0,2,-2
captura_2023-10-10_17-54-02_png.rf.3bbfb36b98900ce3ed228ff06ce92298.jpg,84.0,2,1,0,2,1,1
captura_2023-10-02_15-19-44_png.rf.2ed8fa12ae7419bb88a493c78ab2d9c1.jpg,91.0,2,1,0,2,1,1
captura_2023-10-05_17-55-49_png.rf.0bb8aee6b496b4114252256adc32092b.jpg,98.0,1,1,0,1,1,0
captura_2023-10-02_15-39-03_png.rf.419b2ea0d05957c467af636ead090795.jpg,46.0,0,1,0,0,1,-1
captura_2023-10-02_15-43-39_png.rf.b1b2f7c8572e0cbef35f38723a8afb03.jpg,53.0,1,1,0,1,1,0
captura_2023-09-29_15-59-30_png.rf.39e15be0c726814c4fe52c405f8254cb.jpg,59.0,1,1,1,0,0,0
captura_2023-10-05_18-08-21_png.rf.878ade7374757a20fee664b218230d17.jpg,81.0,1,1,0,1,1,0
captura_2023-10-02_16-04-47_png.rf.a8998a8133fdc8f0ef314049a2b1436f.jpg,47.0,0,1,0,0,1,-1
captura_2023-10-02_15-49-09_png.rf.9e9e98a21ebbf9a29ba9efa92d61c293.jpg,78.0,3,1,0,3,1,2
captura_2023-10-05_17-54-39_png.rf.abf9bb5e518ae7502a29ecd9ac86b82e.jpg,88.0,0,1,0,0,1,-1
captura_2023-10-02_15-27-33_png.rf.188eb907d3374784e6946a7aa8e7ac29.jpg,83.0,0,1,0,0,1,-1
captura_2023-09-28_15-22-30_png.rf.ec2631912ab4c69d914ca844f44c77b5.jpg,66.0,4,1,0,4,1,3
captura_2023-10-02_15-21-24_png.rf.6d3b8e6b8094ffad21993793f4342adc.jpg,83.0,3,1,0,3,1,2
captura_2023-09-28_16-04-23_png.rf.7d0e8ca6cebdb5915b390a2583450e0a.jpg,81.0,1,1,1,0,0,0
captura_2023-10-09_12-53-40_png.rf.f6a8f5d761a09598078b0ce32425c216.jpg,90.0,0,1,0,0,1,-1
captura_2023-10-11_16-45-40_png.rf.b6b1ee2ac880e3cee0d53ee482aded51.jpg,87.0,2,1,1,1,0,1
captura_2023-10-05_18-18-06_png.rf.1118fb3c4c5e3cd896dbc7412d2f8d5c.jpg,98.0,2,1,1,1,0,1
captura_2023-10-02_15-37-56_png.rf.525e185ef3fc0585191f3a910ed512ef.jpg,44.0,0,1,0,0,1,-1
captura_2023-09-28_16-08-42_png.rf.fe1a66193f9e249913c604ba801811c8.jpg,84.0,1,1,1,0,0,0
captura_2023-10-05_15-57-22_png.rf.48abf013f8b05ace35e6ce819b1f2738.jpg,48.0,1,1,1,0,0,0
captura_2023-10-05_16-12-35_png.rf.afb789382f2500fad25455b06a035ffc.jpg,68.0,1,1,1,0,0,0
captura_2023-10-02_16-03-10_png.rf.beff0836b1942589d11574cd5b265f78.jpg,52.0,0,1,0,0,1,-1
captura_2023-10-05_15-31-58_png.rf.e98f35b6aba31f3e26137cb48ad186f1.jpg,77.0,1,1,0,1,1,0
captura_2023-10-02_15-13-11_png.rf.bfaece85375afe3749f9f76f416f9f52.jpg,94.0,0,1,0,0,1,-1
captura_2023-10-05_15-36-35_png.rf.8fa997e9ced36df1c0b60b1f57c97e5a.jpg,91.0,0,1,0,0,1,-1
captura_2023-10-02_15-45-04_png.rf.50ea5fc878272a306236dea5d1a4c490.jpg,49.0,3,1,0,3,1,2
captura_2023-10-10_18-05-26_png.rf.dac58c63ceac6d19ec7517d3f18419cf.jpg,81.0,1,1,0,1,1,0
captura_2023-10-02_15-37-32_png.rf.7e93e7476df193b6dfb7e0fa57da756d.jpg,51.0,0,1,0,0,1,-1
captura_2023-10-02_15-14-00_png.rf.d9d981bd97cadcc6e87779066339c82a.jpg,83.0,1,1,0,1,1,0
captura_2023-10-05_17-38-23_png.rf.1daeb897ca35ef1c7457f3a969da82df.jpg,92.0,4,1,0,4,1,3
captura_2023-10-02_15-23-05_png.rf.82e289791db64b2661bcab020fc61433.jpg,79.0,0,1,0,0,1,-1
captura_2023-09-29_15-58-24_png.rf.12ef84e2906be8ce1f859a1c57c98dd0.jpg,48.0,0,1,0,0,1,-1
captura_2023-09-27_14-26-30_png.rf.048232ebd735271edc275e6cebb5d56b.jpg,73.0,0,1,0,0,1,-1
captura_2023-10-05_17-44-48_png.rf.df415af7178836df950e0ef388ad6087.jpg,104.0,5,2,2,3,0,3
captura_2023-10-05_17-55-23_png.rf.25745d6e982c4bf41af49e49dc98e401.jpg,95.0,1,1,0,1,1,0
captura_2023-10-11_16-39-29_png.rf.3b603420c606b4bb73eeb94a92346d1b.jpg,88.0,1,1,1,0,0,0
captura_2023-10-02_15-47-34_png.rf.e19e2e11ec7660304842e5bbf7685799.jpg,62.0,1,1,0,1,1,0
captura_2023-10-05_18-11-18_png.rf.c215f4cbd8c4cc46b808ef2b9255ec32.jpg,77.0,2,1,0,2,1,1
captura_2023-10-02_15-20-35_png.rf.3f6e7de2412f370b9115674e0807d7ae.jpg,89.0,0,1,0,0,1,-1
captura_2023-10-02_15-21-29_png.rf.aa5c4640ff0f0379096d84e8bbe6f739.jpg,82.0,1,1,0,1,1,0
captura_2023-10-02_15-46-50_png.rf.544f6c4827b5e48b07201206919d57c8.jpg,63.0,2,1,1,1,0,1
captura_2023-10-02_15-41-36_png.rf.ca7aa14ca3f1d047fc703e077f2bf6ad.jpg,51.0,1,1,1,0,0,0
captura_2023-09-27_14-27-37_png.rf.0ad8ab2522478fe3e0688db24b5f6acc.jpg,74.0,0,2,0,0,2,-2
captura_2023-09-28_15-54-57_png.rf.f7a05da2bb520b9c86b5459b208dd97d.jpg,86.0,1,1,0,1,1,0
captura_2023-10-05_17-47-35_png.rf.6db9db6f1f687e92944370627d1a29f5.jpg,69.0,0,1,0,0,1,-1
captura_2023-10-02_15-21-31_png.rf.8720d1e052f2ad2562f8d429f7be1b6f.jpg,83.0,0,1,0,0,1,-1
captura_2023-10-10_17-41-19_png.rf.e08804d20d73c62b432a584665f37519.jpg,78.0,1,1,0,1,1,0
captura_2023-10-11_16-41-38_png.rf.6c359a9405555c42814d3467f364c4fa.jpg,76.0,1,1,0,1,1,0
captura_2023-10-09_12-54-56_png.rf.a046f934bde24aa59fd6f0a9d15d83d5.jpg,137.0,3,1,0,3,1,2
captura_2023-10-02_15-18-40_png.rf.f2259189d0209bf60e1e31bcd49d68bc.jpg,83.0,2,1,0,2,1,1
captura_2023-10-02_15-20-40_png.rf.2d95a06da836e45c1aa02fdfe366a8ca.jpg,89.0,1,1,1,0,0,0
captura_2023-10-05_15-33-55_png.rf.c721f614c41f5fae8439305a48419b07.jpg,85.0,0,1,0,0,1,-1
captura_2023-09-28_15-18-35_png.rf.fb426ecfd9b5ce26a9c913544316cabf.jpg,81.0,1,2,0,1,2,-1
captura_2023-10-05_16-01-24_png.rf.915a4ff18eadc7e19497f85fe55b05cb.jpg,59.0,1,1,0,1,1,0
captura_2023-10-10_18-08-08_png.rf.da81a9bd59035615441187bd533df07c.jpg,84.0,2,1,0,2,1,1
captura_2023-10-02_15-39-19_png.rf.157f37bc12e5a2d135080248c2412d74.jpg,50.0,0,1,0,0,1,-1
captura_2023-10-05_17-55-33_png.rf.36a78fb2d21d3d53453615c1a9afa800.jpg,100.0,2,1,0,2,1,1
captura_2023-10-02_15-14-24_png.rf.b34d4073450d12e132dbbfe8f383cd33.jpg,82.0,2,1,1,1,0,1
captura_2023-10-02_15-22-25_png.rf.4f3328cb93d6d027aa38feefe8571ae2.jpg,76.0,3,1,1,2,0,2
captura_2023-10-10_18-12-31_png.rf.dbd7c22df04775d9df1029acae97a886.jpg,85.0,1,1,0,1,1,0
captura_2023-10-02_15-28-26_png.rf.51064b2388e45fee874be3d4f643fc1d.jpg,77.0,1,1,0,1,1,0
captura_2023-10-09_13-54-49_png.rf.0b06decbd05dbef834f482425c218b72.jpg,94.0,2,1,0,2,1,1
captura_2023-09-28_15-02-00_png.rf.597ecbd4b2907658bd443f215f108283.jpg,72.0,2,2,0,2,2,0
captura_2023-09-27_14-43-15_png.rf.92a3f7e58cf92ee06474ad3c1558e48e.jpg,50.0,2,1,0,2,1,1
captura_2023-10-05_15-32-45_png.rf.c248394c292835d96ce149a175b67ed8.jpg,76.0,0,1,0,0,1,-1
captura_2023-10-11_16-34-27_png.rf.2a90bf17652de4fa155d5ad7a5c69965.jpg,80.0,3,1,1,2,0,2
captura_2023-10-09_13-38-36_png.rf.e214033ca751fe0607e63a2e541b6bf3.jpg,55.0,1,1,0,1,1,0
captura_2023-10-05_15-52-36_png.rf.a81c5db868824f22269712c9671d6fbb.jpg,72.0,1,1,0,1,1,0
captura_2023-10-02_15-35-13_png.rf.b7bd1493404cb86a8f62b5ed47475424.jpg,49.0,0,1,0,0,1,-1
captura_2023-10-09_12-58-21_png.rf.4b91ffe1f616bea91c004e41ac47d291.jpg,61.0,0,1,0,0,1,-1
captura_2023-09-28_15-03-03_png.rf.1d94cae7a8527e71059e6852b868dc31.jpg,74.0,2,2,0,2,2,0
captura_2023-10-09_12-53-25_png.rf.c6c0ea4b19c10a32ec3224c59c9d5afb.jpg,102.0,2,1,0,2,1,1
captura_2023-10-05_16-06-31_png.rf.c4bbe6dd0b13f6a7841c62539b1d58be.jpg,77.0,2,1,1,1,0,1
captura_2023-10-02_15-44-35_png.rf.f2bee55f483f0e079592ae1b5b7bccf2.jpg,66.0,3,1,0,3,1,2
captura_2023-10-05_16-11-03_png.rf.ce5d1051f8be480c0dc0793c92b5a9df.jpg,67.0,2,1,1,1,0,1
captura_2023-09-27_14-43-22_png.rf.fa3317086e72a4b1e02700e3a9c4f697.jpg,74.0,2,1,0,2,1,1
captura_2023-09-28_15-01-25_png.rf.d5584ea616cba83890e51dcac457cf3b.jpg,67.0,3,1,0,3,1,2
captura_2023-10-02_15-39-13_png.rf.6e7e1488bdedd11cfd74f10ad9a1401d.jpg,45.0,1,1,1,0,0,0
captura_2023-10-11_16-27-48_png.rf.b61c8a640c66b1b9440f356d4e0ed52f.jpg,123.0,3,1,0,3,1,2
captura_2023-10-11_16-43-27_png.rf.5394c0e6ce4d2b3217990a6afa56cac6.jpg,80.0,0,1,0,0,1,-1
captura_2023-10-10_17-41-32_png.rf.6946e2d9d96accc1758877b7ffb5ad7e.jpg,86.0,1,1,0,1,1,0
captura_2023-10-02_15-48-30_png.rf.4db12e876d3d9eea1030a24fd2773f97.jpg,73.0,2,1,0,2,1,1
captura_2023-10-02_15-39-38_png.rf.a7eb776a9093887ee2776bcb602f1007.jpg,51.0,1,1,1,0,0,0
captura_2023-10-02_15-13-15_png.rf.e23f9750839f735e64ff28e2ff7d088f.jpg,105.0,2,2,0,2,2,0
captura_2023-10-02_15-48-37_png.rf.f62606feeb8f00095ae21a16b0cb083b.jpg,44.0,0,3,0,0,3,-3
captura_2023-10-02_15-47-36_png.rf.5d84751eb030833b30021e410a9e1828.jpg,62.0,1,1,0,1,1,0
captura_2023-10-10_18-06-54_png.rf.c1fa8518adc720d3b66f65e8f38f9f32.jpg,82.0,0,1,0,0,1,-1
captura_2023-10-10_18-02-35_png.rf.2ae8f9c7dac7db9ef6504fb835ed70a3.jpg,85.0,2,1,0,2,1,1
captura_2023-09-29_15-58-46_png.rf.c2470a767ef4c2d9e80db586b0d7e5b9.jpg,45.0,0,1,0,0,1,-1
captura_2023-10-02_15-44-44_png.rf.00494708ea30efe5663cc6ed753dca47.jpg,82.0,3,2,0,3,2,1
captura_2023-10-05_15-31-39_png.rf.6c0cdb87d2e4c60e4623745112884cd3.jpg,82.0,0,1,0,0,1,-1
captura_2023-10-02_15-19-41_png.rf.0f21aec96552b5f6abb9928cec03af1d.jpg,89.0,1,1,0,1,1,0
captura_2023-10-11_16-39-36_png.rf.6622414af54ab5e12b4628e9932ec514.jpg,84.0,0,1,0,0,1,-1
captura_2023-10-02_15-35-18_png.rf.0cc9019a8581b348b494455c5c8e26e5.jpg,58.0,1,1,0,1,1,0
captura_2023-10-02_15-48-38_png.rf.7e2fd7ddfab549f1a9fd1379db15026c.jpg,54.0,1,1,0,1,1,0
captura_2023-10-02_15-26-53_png.rf.90f6d257e1d915ca5f1ad616076b7709.jpg,66.0,1,1,0,1,1,0
captura_2023-10-02_15-20-45_png.rf.6d8b5287ee5f8d2c4dd03c62169769e1.jpg,77.0,3,1,1,2,0,2
captura_2023-10-10_18-12-30_png.rf.f38c46060da0cb2113a19c203fcb9100.jpg,82.0,2,1,0,2,1,1
captura_2023-10-05_18-19-07_png.rf.2ba4057540c31987f0ffa7cae3930955.jpg,97.0,1,1,0,1,1,0
captura_2023-10-02_15-47-09_png.rf.5c177b17530dff03f082d935397f597a.jpg,66.0,1,1,0,1,1,0
captura_2023-10-05_16-13-57_png.rf.4a23b61897fb41315f405cac4f9d27d2.jpg,77.0,2,1,1,1,0,1
captura_2023-10-02_15-13-25_png.rf.0984a98b8fb01d72e133af40fb4494a8.jpg,89.0,2,1,0,2,1,1
captura_2023-09-27_14-27-27_png.rf.be716e0227287e888646d82af56476b0.jpg,72.0,3,1,1,2,0,2
captura_2023-10-09_13-04-51_png.rf.1eef8c30541c251c369fba88b6e06bf5.jpg,90.0,1,1,0,1,1,0
captura_2023-10-02_15-39-53_png.rf.59118a831b13b5260cf02bf39309feab.jpg,49.0,0,1,0,0,1,-1
captura_2023-10-02_15-07-07_png.rf.a56673e405de4286f15cf3e1edd9acf1.jpg,59.0,2,1,0,2,1,1
captura_2023-10-09_13-56-53_png.rf.f9d767ca6e06be75e4cc3bce717b01c3.jpg,133.0,1,1,0,1,1,0
captura_2023-10-02_15-22-23_png.rf.445cba631a8836349b4aff9ffff77237.jpg,79.0,3,1,1,2,0,2
captura_2023-10-02_15-36-35_png.rf.e6ae22670ee71cd7d57329ae74a18cc9.jpg,62.0,1,3,0,1,3,-2
captura_2023-10-02_16-06-20_png.rf.05f33184e8a78892bfbfe95509e63ee8.jpg,58.0,0,1,0,0,1,-1
captura_2023-10-02_15-44-57_png.rf.27354ac5bf3a5bf198be53b0c96ccb98.jpg,43.0,0,4,0,0,4,-4
captura_2023-09-27_14-35-16_png.rf.26696ccceffefc3eb17bcb6ebbdbc5ac.jpg,69.0,2,1,0,2,1,1
captura_2023-10-11_16-35-27_png.rf.0880667e45364ed0f78951bc60ada7fb.jpg,77.0,1,1,0,1,1,0
captura_2023-10-02_15-35-38_png.rf.561e15e5c67507c929316bd5fca4ec6b.jpg,56.0,1,1,0,1,1,0
captura_2023-10-02_15-46-34_png.rf.1b15b71137070657e44ece76176576ac.jpg,53.0,0,2,0,0,2,-2
captura_2023-09-27_14-46-35_png.rf.a96066c4635a25ab8165f94ae3cb4906.jpg,67.0,2,1,1,1,0,1
captura_2023-10-02_16-05-20_png.rf.76e7692243b3c840534fb84833495885.jpg,45.0,0,1,0,0,1,-1
captura_2023-10-02_15-15-56_png.rf.b45184459b19e124e831d48d2fca0a0d.jpg,79.0,5,1,0,5,1,4
captura_2023-10-02_15-49-08_png.rf.148b1f143d2908ddcc8532cc5f4909c5.jpg,68.0,2,1,0,2,1,1
captura_2023-10-02_15-37-10_png.rf.9cd31f27ace0e934100c3f34c4b52812.jpg,45.0,1,2,0,1,2,-1
captura_2023-10-11_16-43-30_png.rf.e96e24f5a867241953d2a202dff1a405.jpg,78.0,1,1,0,1,1,0
captura_2023-10-11_16-42-22_png.rf.fb1fb9a8e31f385344d2a1f8f8f7f496.jpg,82.0,1,1,0,1,1,0
captura_2023-09-27_14-27-44_png.rf.6345e8c4b35b06cc54a1a1b94dce27f0.jpg,71.0,1,1,0,1,1,0
captura_2023-10-02_15-08-35_png.rf.a0a531baea0daf49b56aa640f7cad9e7.jpg,63.0,1,1,0,1,1,0
captura_2023-10-02_15-16-34_png.rf.bd9018e403e52d1ae9b59569b2725895.jpg,87.0,1,1,0,1,1,0
captura_2023-10-09_12-53-20_png.rf.2927c1b4b1b0f1f2cab99d78199088e6.jpg,89.0,2,1,0,2,1,1
captura_2023-10-09_12-54-18_png.rf.fe80098eff53e6b2fb9e6d5e3939b1a0.jpg,76.0,4,1,0,4,1,3
captura_2023-10-02_15-19-45_png.rf.9fc19652936498a59faa7ae30231f28b.jpg,84.0,0,2,0,0,2,-2
captura_2023-10-02_15-12-32_png.rf.445839fc3a8f4614e310c597beb97e87.jpg,90.0,1,1,0,1,1,0
captura_2023-10-09_15-19-13_png.rf.45c60a91142be6dc2b9ec38a3b1b4ee3.jpg,80.0,0,2,0,0,2,-2
captura_2023-09-28_15-22-35_png.rf.87f484571224431b905601ab7f7b95a7.jpg,79.0,0,1,0,0,1,-1
captura_2023-10-10_17-54-49_png.rf.cbac2cc3c1d679f3d05c54d013a77ab6.jpg,93.0,0,1,0,0,1,-1
captura_2023-10-02_15-34-44_png.rf.0a623448b283cf01e6b20022e9da4ece.jpg,57.0,1,1,0,1,1,0
captura_2023-10-02_15-47-53_png.rf.19a593fb5369b662a7365069892e18b4.jpg,46.0,0,2,0,0,2,-2
captura_2023-10-05_15-38-04_png.rf.363f8afdce02c0b38ede89223974ec8b.jpg,142.0,0,1,0,0,1,-1
captura_2023-10-02_15-48-18_png.rf.650dd5c376c722109d4331172f4dfbca.jpg,67.0,0,1,0,0,1,-1
captura_2023-09-27_14-31-27_png.rf.35cbd3219f43aec974e7364c708c23eb.jpg,78.0,2,1,1,1,0,1
captura_2023-10-02_15-23-02_png.rf.5aa4c29fd786ee86063a23c9f945b236.jpg,76.0,1,1,1,0,0,0
captura_2023-10-11_16-34-42_png.rf.72e19aeadef3f15dd1b696cbf2255f22.jpg,77.0,0,1,0,0,1,-1
captura_2023-10-02_15-19-08_png.rf.d0a54215cd67482f705c5ca3afddb6db.jpg,83.0,1,1,0,1,1,0
captura_2023-10-02_16-05-25_png.rf.b8826490ff604a33820b2608313d4080.jpg,48.0,0,1,0,0,1,-1
captura_2023-10-05_15-32-23_png.rf.f400cfbdab0daac41d501b3a75830291.jpg,66.0,2,1,0,2,1,1
captura_2023-10-02_15-23-18_png.rf.c5f3bd449cd5544ff2654523062f1391.jpg,77.0,2,1,0,2,1,1
captura_2023-10-09_13-52-08_png.rf.a7eb7e4f09b88a1fb03460ccf7a1b7fc.jpg,68.0,2,1,0,2,1,1
captura_2023-10-02_15-13-46_png.rf.3001940830bb2326f4ae200f035c11c7.jpg,87.0,1,1,0,1,1,0
captura_2023-09-28_16-06-24_png.rf.2e462a059823f0cbacf06d3f37a20363.jpg,91.0,2,1,0,2,1,1
captura_2023-10-11_16-34-52_png.rf.e3abd33a9dc76657c9326e9c5bc6a46e.jpg,81.0,0,1,0,0,1,-1
captura_2023-10-09_13-55-00_png.rf.5c472a58390d67c66b2c36c15cdca953.jpg,108.0,2,1,0,2,1,1
captura_2023-10-02_15-17-10_png.rf.c97f261a7b7c83dc8691823ee7426ce7.jpg,86.0,0,1,0,0,1,-1
captura_2023-10-09_15-07-54_png.rf.ea2c869f7a40fd3a9e802a2569ba7b6e.jpg,70.0,3,1,0,3,1,2
captura_2023-10-05_17-54-02_png.rf.85ec88fe1047fcdba0fe188cc724e7e0.jpg,95.0,1,1,0,1,1,0
captura_2023-10-10_17-54-19_png.rf.fc49c0beb45e27215a6707e88fa720ee.jpg,61.0,3,1,0,3,1,2
captura_2023-10-05_16-04-42_png.rf.0ffbaeab5a1dee5f242b3a4b448a8f39.jpg,71.0,1,1,0,1,1,0
captura_2023-10-10_18-02-44_png.rf.6c25df1a6b15cf6fab0bc129036e7533.jpg,127.0,3,2,0,3,2,1
captura_2023-09-28_16-08-05_png.rf.e1e71c854285aad4d75ada8a0e5b91fd.jpg,86.0,3,1,0,3,1,2
captura_2023-09-28_16-09-03_png.rf.206a6632f3b2d04df4e80b005a2d4632.jpg,77.0,2,1,0,2,1,1
captura_2023-10-05_18-19-24_png.rf.88a12f86acf33829185210bf06644035.jpg,89.0,0,1,0,0,1,-1
captura_2023-10-10_18-03-14_png.rf.bea74956c0de1729db127f2cb4a3b8f7.jpg,78.0,2,1,0,2,1,1
captura_2023-10-02_15-21-37_png.rf.cde40bba66f0180f44417e5ccfc20ffc.jpg,85.0,1,1,0,1,1,0
captura_2023-10-02_15-37-51_png.rf.0894c0f2f4b3d678e5cf972aa41c1133.jpg,44.0,0,1,0,0,1,-1
captura_2023-10-11_16-43-24_png.rf.30af22d6581e6bc638c6d4a57ec38140.jpg,78.0,0,1,0,0,1,-1
captura_2023-09-28_16-05-40_png.rf.b8e994e1bfdd489de7314befbca04044.jpg,52.0,1,1,0,1,1,0
captura_2023-10-02_15-06-08_png.rf.7d50d9dd2333fb6f9425e8173d43cc73.jpg,35.0,0,1,0,0,1,-1
captura_2023-10-02_15-10-42_png.rf.eb99c088301609319ef2177de89b346b.jpg,96.0,0,1,0,0,1,-1
captura_2023-10-02_15-48-04_png.rf.4e131f312fb3a734cae3c972b711de6c.jpg,59.0,0,1,0,0,1,-1
captura_2023-09-27_14-35-09_png.rf.e0efb541fd39ddb58093d78e7b8d2232.jpg,51.0,3,1,0,3,1,2
captura_2023-09-28_15-01-28_png.rf.d14792fb56b274fec2e1d9f0ecac9f48.jpg,69.0,2,3,0,2,3,-1
captura_2023-10-02_15-48-23_png.rf.8c3a04499236e6962caa2fa0e702a700.jpg,47.0,1,3,0,1,3,-2
captura_2023-10-05_15-27-48_png.rf.53d50a00368ab0596cd8886f4d9dac4e.jpg,71.0,1,1,1,0,0,0
captura_2023-10-02_15-35-53_png.rf.d7b3dd515407a775a10d702b03df18e8.jpg,45.0,0,1,0,0,1,-1
captura_2023-10-10_17-55-32_png.rf.33243f75a35ae5127c3f0ccd0293ce63.jpg,64.0,2,1,1,1,0,1
captura_2023-10-02_15-22-03_png.rf.00a75a5db1f2ec9398ad8545af4efba5.jpg,59.0,2,1,1,1,0,1
captura_2023-10-02_15-43-31_png.rf.2bf0f908409c6dbd4e30f4cf799a5bfe.jpg,47.0,1,1,0,1,1,0
captura_2023-10-05_17-38-36_png.rf.58bc7368c8d7df3f36ae0550c518a8be.jpg,105.0,0,2,0,0,2,-2
captura_2023-10-05_17-40-39_png.rf.5f50a4fb97323e9548d6591eae53c74b.jpg,88.0,2,1,0,2,1,1
captura_2023-09-28_15-03-19_png.rf.547335ec65004e9f0f5666107d94121b.jpg,78.0,2,1,0,2,1,1
captura_2023-10-02_15-27-15_png.rf.07ca9428ad59c89f9b2903bab662ebe2.jpg,78.0,1,1,0,1,1,0
